1;Athesia
2;CDA
3;Cierre
4;Costa Editore
5;De Agostini
6;EDT (Rodriguez)
7;Fodor's
8;Frassinelli
9;Iter
10;Kompass-Euroservizi
11;Lonely Planet
12;Moizzi
13;Mondadori
14;Mursia
15;Nelles
16;Panorama
17;Priuli Verlucca
18;Rough guide
19;Rubbettino
20;Studio F.M.B. Bologna
21;Stupor Mundi
22;Tamari-Euroservizi
23;Touring Club Italiano
24;Vallardi
25;Vivalda
26;Piemme
27;Airplane
28;Hoepli
29;Editrice Berti
30;L'Airone Editrice
31;Gremese editore
32;Il Viaggiatore
33;Multigraphic
34;Ediciclo
35;Viennepierre
36;Museo Nazionale della Montagna
37;Sperling & Kupfer
38;Editrice Incontri Nautici
39;Limina
40;Longanesi & C.
41;Grafica & Arte
42;Plan edizioni
43;Pagine Azzurre
44;Guanda  (Michele Guida )
45;FK
46;Tappeiner
47;Giovanni Tranchida Editore
48;Schnell Steiner
49;Sugarco edizioni
50;Gribaudo
51;Edizioni della Memoria
52;Terra Ferma
53;Calderini Edagricole
54;Stefano Casanova Editore
55;Nuova Ipsa Editore
56;Carlo Lorenzini Editore
57;Macro Edizioni
58;Mucchi Editore
59;Michelin Ediciones de Viaje
60;ed Itinera
61;Michelin (Bigiarini Isacco 3460011024 )
62;Abramo
63;fuoriThema ( Vallardi )
64;Giunti
65;Rizzoli
66;Palombi Editori
67;WB - Welcome Books
68;Skira
69;Octavo
70;Garzanti (Guida)
76;Zanfi Editore
78;Lizard Editori
82;Editoriale Giorgio Mondadori
84;Edizioni affinità elettive
86;Graphot Editrice
87;Zanichelli
88;Newton & Compton Editori
89;Condé Nast Traveller
90;ElleEmme
91;Gangemi Editore
92;Edimond
93;Cartacanta Editrice
95;Mediterranee
96;TEA ( Cocchi )
97;Tecniche Nuove ( Aless. Sani 3357032184 )
98;Demetra
99;De Vecchi Editore
100;Rother
101;MEB
102;Selene Edizioni ( Gasperoni)
103;LEG
104;Centro del Libro (Bonomo)
105;Mulatero
106;Lyasis
107;Curcu & Genovese
108;Blu Edizioni
109;Alp
110;Trade & Travel
111;White Star
112;Gaspari
113;Ghedina & Tassotti Editori
114;Rossato
116;Edition 2000
117;Idee Verticali
118;Erga edizioni
119;Edisud
120;Didier - Richard
121;CAI Mestre
122;Albatros
123;Caccialupi
124;Giancarlo Grassi
125;Grafiche Artigianelli
126;Nordpress
127;CAI
128;CAI Castione della Presolana
129;Ferrari Edizioni
130;Casa editrice Stefanoni
131;Cip edizioni
132;Versante Sud
133;Monti
134;SER Editrice Ricerche
135;CAI Firenze
136;Ediz. Mercurio
137;Ediz. Mediterranee
138;Dorà Publisher
139;Ruggeri
140;Ossola Climbers
141;Casa delle Guide di Lecco
142;Lint
143;CAI Bo
144;Sidarta Cierre
145;Anniballi
146;APT Latina
147;Black Comix Press
148;Cuec
149;Ed. A.S.M.V.  CAI Piedimonte M.
150;Musumeci
151;Gorlich
152;DiBari - Bartolucci
153;Fabula (Saredit)
154;Alberti Libraio Editore
155;IGN
156;IGC
157;L'Escursionista
158;NED
159;Arti Grafiche Saturnia
160;Edizioni Turismo Veneto
161;Manfrini
162;Arca
163;L'arciere
165;Liasis
166;The Mountaineers
167;Mc Millan
168;Moon Publications Inc.
169;Mesogea
170;Edizioni Sonda
171;Futuro
172;Oscar Mondadori
173;Einaudi
174;Campomarzo Editrice
175;Penguin Books
176;Pafpo editore
177;Mobydick
178;Edizioni del Buon Vivere
190;Sartor edizioni
192;Taschen
196;
197;
201;Archinto
202;Sonzogno
203;Idea Libri
204;Passigli  Editori
205;Adam Editions
206;La tartaruga edizioni
207;Europia
208;Editorial Everest
209;Regione  Emilia e  Romagna
210;R.E.R.
211;Carocci
212;Feltrinelli
213;ClupGuide
214;Pendragon
215;Polaris
216;Il Sole 24 Ore
217;RAM
218;Nelles Bonomo
219;Kummerly+Frey
220;Periplo
221;Ulysse Moizzi  -  Marinoni Mara
222;Donzelli editore
223;Trailblazer
224;Explo
225;Livingston & Co
226;Cicerone Press
227;New Holland
228;Alberto Maioli Editore
229;Footprint
230;National Geographic/White Star
231;Konemann
232;Apa
233;Novecento
234;SELCA
235;Belletti Editore
236;FMB
237;BUR
238;Iperborea
239;Corbaccio ( Cocchi ) 349 4027129
240;Tranchida editore
241;Ponte alle Grazie  ( Gianluca Cocchi )
242;Cinehollywood
243;Pratiche Editrice (Salvato Nicoletta)
244;Bompiani
245;Il Saggiatore
246;Voland
247;Fandango Libri
248;Neri Pozza
249;Xenia
250;Arianna Editrice
251;Baldini & Castoldi
252;Adelphi Edizioni
253;Eco Gruppo Editoriale Armenia
254;L'ancora del Mediterraneo
255;Le Lettere
256;Editori Riuniti
257;Bollati Boringhieri
258;Bruno Mondadori
259;Meltemi
260;Diabasis
261;Laser edizioni
262;Selezione dal Reader's Digest
263;Carlo Delfino Editore
264;Arcani Mursia
265;Marsilio
266;Nur
267;DATANEWS
268;EMI
269;RAI Eri
270;Dumont (Marinoni )
271;Campanotto Editore
272;Rivages
273;Art Studio Azinovic
275;Imray
276;Swan Nuove Edizioni
277;Nuova Editrice Italiana    Arti Grafiche Dial
278;Leading Edizioni
279;Editoriale Domus ( Marinoni )
280;Anaya Touring Club
282;Mc Carta Robertson
283;Tombazzi Giovanni
285;Edimar
286;Nardini Editore
287;Todaro Editore
288;Bradt Publications
289;Cordee
290;Editions Ulysse
291;Guides Marcus
292;IGM
293;Ulysse
294;Fenice 2000
295;Desnivel ediciones
296;L'Epos
297;Geo
298;Calderini
299;L'Inchiostroblu
300;Edizioni Barzanti
301;Techne editore
302;Adnkronos Libri
303;Guerini e associati (Salvato)
304;Dario Flaccovio editore
305;Remedy
306;CDA&Vivalda Editori
307;Tararà
308;Mountain Promotion
309;GET
310;Biblioteca dell'Immagine
311;Cappelli
312;Casagrande
313;Giovane Montagna
314;Nuovi Sentieri
315;TCI-CAI
316;Leonardo international
317;Rocciaviva
318;Felici Editore
319;BE-MA editrice
320;Pilotto editore
321;Adriambiente
322;Silvana editoriale
323;Gruppo A.V.I.S Mineralogia e Speleologia
324;Cacciari
325;De Luca editori
326;Editrice Compositori
327;Maggioli editore
328;D.R.E.AM
329;Centro Piceno di iniziative per l'ambiente
330;Corbo e Fiore editore
331;Sagep
332;CAI Mirano
333;Studio Faro
334;NaturArte
335;Provincia Bologna
336;Studio cartografico Italiano - Genova
337;Il Fiorino
338;Turismo natura
339;Cadmo
340;Tropea
341;Edizioni Pontegobbo
342;Minerva edizioni
343;Giorgio Mondadori
344;Edizioni CieRre
345;Pacini
346;Scripta Manent
347;Ape
348;Sapignoli
349;Comunità montana Appennino Bolognese
350;Tecnograf
351;CAI Mo
352;Arci Postiglione
353;Modena-Aedes Muratoriana
354;Obiettivo neve
355;Segnavia
356;CAI Cavriago
357;Grafema
358;Zeta Beta
359;Euroalpi
360;Arti Grafiche S.Rocco
361;Azimut
362;L'Eubace
363;Aviani
364;Alpha Test
365;Crociera totale
366;Parole di cotone edizioni - Guiducci
367;Istituto Idrografico della Marina
368;Portoria Editrice
369;Editoriale Olimpia
370;Difilm-Istituto Luce
371;Effemme Edizioni
372;Nitida immagine editrice
373;Albert Gruber
374;Atlantis
375;Il mare libreria internazionale
376;Assouline
377;SD cinematografica
378;Nutrimenti
379;AR.CO
380;Edition Raetia
381;Dedalo
382;Metrolibri
383;Nistri Lischi
384;A & A
385;Le mani
386;Lights
387;Scubatour
388;Conte Editore
389;La Cuba
390;Fabbri editori
391;Società stampa sportiva
392;Pan
393;Victory project
394;Nuova Guaraldi Editrice
395;Freytag & Berndt
396;Cisalpino-Goliardica
397;Muzzio editore
398;Mariotti
399;Editoria Trento
400;El Pais
401;Calosci
402;Persico Editore
403;Edizioni il Lupo
404;Edizioni Aniballi
405;Edizioni EMMEVU
406;Edizioni Taiga
407;Messina editore
408;Artioli editore
409;Nueter
410;Bromurodargento
411;Monte sole Bike group
412;Editoriale Eurocamp
413;La Lumaca
414;Editrice il Prato
415;Magnanelli
416;Spring Edizioni
417;Arsenale editrice
418;Berlitz
419;Terra nostra espresso
420;Harrap
421;Larus
422;Edizioni Minerva Medica
423;Edicart
424;Bonechi
425;Editrice Monteverde
426;Editrice la Mandragora
427;Hitstudio editori
428;Tipoarte
429;Sigem
430;Clueb
431;Artiere edizionitalia
432;Testi nuova serie
433;L'Ippocampo
434;Agriturist ( Roli )
435;Five Continents  (Marinoni)
436;Guide delle Guide
437;Vallardi viaggi (De Gregorio )
438;Edizioni Green Volunteers
439;CEST
440;Natrix Edition
441;Ali&no editrice
442;Fortuna Augusta
443;L'Espresso
444;Convegni editrice
445;Dossier
446;Meridies
447;Slow Food editore
448;Ci.Vin
449;Raro
450;Edizioni Olivares
451;Garnet Publishing
452;Alinea Editrice
453;National Geographic
454;Ibis
455;Editrice Reflex
456;Fininternet
457;Morganti
458;Città del vino
459;Legenda  (Guiducci )
460;Cadogan
461;Magenes Editoriale
462;Bed end Breakfast
463;Euro camping
464;Aliberti editore ( Novelli )
465;FV
466;CdN
467;Folio Morellini
468;Salani (Schena)
469;Intbooksit
470;Amplats
471;Luca Visentini Editore
472;Carsa
473;Grange book
474;Jaca Book
475;Ciscra Edizioni
476;The Pepin Press
477;Il Mulino
478;Les Voyages du Reve
479;Lozzi e Rossi
480;Orme editore
481;Robin
482;Cai Imola
483;Vianello
484;teNeues ( Marinoni )
485;Antiga edizioni
486;Tormena
487;nottetempo
488;Martini Multimedia 0166-513640
489;Contrasto - Rodriguez
491;Zelig editore
492;Outline
493;Alcon
494;Rusconi
495;Editoriale Bologna
496;Alberto Perdisa editore
497;blu
498;Edizioni De Luca
499;Edizioni Lativa
500;Parkstone
501;Biblos
502;Terra Antartica Publication
503;The British Museum Press
504;Aperture
505;La fotometalgrafica emiliana
506;Michael Tomkinson Publication
507;Edizioni Selecta
508;Bologna 2000
509;Il Castello
510;LEM
511;Edizioni il Punto d' incontro - Guiducci
512;Willow Creek Press
513;Todtri
514;PRC Publishing
515;Grange books
516;Salamander
517;Aurum press
518;Saraband
519;Abbeville
520;D
521;Thames & Hudson
522;Dumont Monte
523;Chartwell Books, Inc.
524;Prestel
525;Norton
526;Bulfinch
527;Euroedit Trento
528;Franco Pace
529;Fotogramma
530;edizioni Tracce
531;Publilux
532;La cooperativa di Cortina
533;The Times
534;Climbing House
535;EDB
536;Interlinea edizioni
537;North Eastern Divers
538;Esterbauer
539;Martina
540;Electa
541;Sidarta
542;Renografica
543;Luni editrice (Gasperoni)
545;Merrell publisher
547;Rizzoli libri illustrati
548;Nuovadimensione
549;persico
550;Il poligrafo
551;Guido Tommasi editore
552;Geo Traveller
553;De Ferrari
554;Garage club
555;Ariaperta edizioni
556;Union card
557;TSI
558;Leconte
559;Congedo editore
560;ITMB
561;Vivicamper
562;Edition Panorama
563;Orione
564;Fermento
565;Mare di carta
566;Il Minotauro
567;Tabacco-Euroservizi
568;Fanucci editore
569;Di Renzo editore
570;Fernandel
571;Intra moenia
572;Temi
573;Allemandi
574;Porzi editoriale
575;Centro velico Caprera
576;Inedita
577;Manifesto libri
578;Edizioni lavoro
579;Canova
580;Provincia di Modena
581;ARA edition
582;K-Flash
583;Libreria editrice Fiorentina
584;Cortina Magazine Edizioni
585;Libreria Pilotto Editrice
586;Magnus
587;Bike Line
588;Edizioni del Capricorno
589;Edizioni Socrates
590;Leonotti Luciano
591;Arnaldo Forni editore
593;Poliedro
594;Ananke
595;Giovanni Renzi
596;Editrice A & C Mondovì
597;Edizioni microart's
598;Cai Arsiero
599;C.D.A.A.
600;Pareti e montagne Edizioni
601;Mimesis
602;Menabò editore  0543-798463
603;Editore 603. Modif. questo campo per immetterlo!
604;Boroli Editore
605;Laterza
606;Agriturist
607;Books Intern.
608;Nicolodi
609;Jingo Wobbly
610;Instarlibri
611;FBE Edizioni
612;Vallecchi
613;La nuova frontiera
614;Terre di mezzo edizioni (Marinoni)
615;Transalpina Editrice
616;Minerva
617;Raffaello Cortina editore
618;Modern languages
619;Johan & Levi
620;Lampi di stampa  (Salvato)
621;Itinera progetti
622;Modern dizionari
623;Effequ
624;Edizioni Internazionali Beta
625;Edizioni l' età dell' acquario
626;Massimiliano Boni Editore
627;Techno Press
628;Macchione editore
629;Danilo Zanetti editore
630;Scriba
631;Nuages ( Marinoni )
632;Equatore
633;Concabi
634;Lamrt
635;La bottega del caffè letterario
636;Collins (Penguin Italia)
637;Hangar ediziponi (Iubi)
638;Le Balze
639;Atlante
640;Fratelli Spada Editori
641;DK (Penguin Italia)
642;Antersass
643;Gemini
644;Edition de la Martiniere
645;Pietro Pintore
646;Castalia
647;Artestampa
648;Endevour
649;Venexia
650;Ut Orpheus
651;nzvp
652;Ceul Azul
653;Iceberg film
654;CAI Cava dei Tirreni
655;Traven books
656;Kalya
657;Magnamare
658;Stefano Monetti
659;Tirso
660;S & F
661;L'archivolto
662;Polistampa
663;Azienda litografica Genovese
664;L' autore libri Firenze
665;Itinera
666;Sonda
667;Ancora
668;Agriturismo di Romagna
669;Smart comunicazioni
670;Insigma
671;Arcadia
672;Monte Meru editrice
673;Mattioli
674;Leonardo.it
675;Pontegobbo
676;Piero Lacaita Editore
677;Leggendaria
678;ART&IMAGE
679;Kina Italia
680;Punto Marte
681;Comune di Sasso Marconi
682;Net ( Salvato )
683;tea
684;Motta editore
685;effigie
686;Città del silenzio edizioni
687;Korsch Verlag
688;Komshe
689;Morellini
690;Ulda
691;Nomos Edition
692;Città aperta
693;C&B
694;World Images
695;Bononia
696;Edizioni Grossi
697;Buhec Publishing
698;Bucher Publishing
699;Bandecchi&Vivaldi
700;Lapis e Palombi & Partners
701;Protagon Editori
702;A & G
703;Trenta Editore
704;Edizioni del Girasole
705;Martin Sloboda
706;Idea Montagna Edizioni
707;Coedisar
708;Stampa Alternativa
709;Edizioni SEAM
710;Andrea Parodi Editore
711;ffme
712;Excelsior 1881
713;Cooper
714;MondoGis
715;Sellerio
716;Armando editore
717;Longo editore
718;Class editori
719;Edup
720;G 01
721;Greco & Greco
722;Fabrizio Elios Editore
723;Associaz. Italiana Alberghi per la Gioventù
724;Valentina Trentini editore
725;Coop tipografica
726;Sovera
727;22 publishing
728;Heye
729;Polaris ( Sondrio )
730;COEL
731;Edis
732;Editrice Felsinea
733;Piola Michel
734;Medusa
735;Damiani
736;Il Ponte
737;Idea Books ( De Agostini )
738;Postcart
739;Associazione Orizzonti Verticali
740;Il Bulino
741;Michele Beltrame Editore ( Cierre )
742;Edizioni e/o
743;Candolini Editore
744;Catographia
745;MapStudio
746;Ilex
747;Socialmente
748;Il Grandevetro
749;La piccola
750;Natura avventura edizioni
751;affinit
752;Simple Edizioni
753;Il Frangente
754;Whitelight
755;Editografica
756;Cargo
757;Settecolori edizioni
758;Andromeda
759;Mir edizioni
760;Red edizioni
761;Vida
762;Coniglio Editore
763;Studio editoriale Gordini
764;Bellavite
765;Aracne
766;Vaccari
767;Minimum fax
768;Edizioni Ambiente
769;Sillabe
770;Lightbox
771;Edizioni Nautiche Guglielmi
772;Peliti associati ( Gasperoni )
773;Iacobelli
774;Eurofishmarket
775;Bacchilega
776;Tinarelli Editore
777;Il Lupo
778;Pacini Fazzi
779;Edagricole
780;Asterios
781;Comunicarte
782;Footprint W.S.
783;Gaffi Editore
784;Avagliano editore
785;Jonglez
786;Il Filo
787;Besa
788;Epochè
789;Francesco Brioschi
790;Effatà
791;L' Ortensia Rossa
792;Zandonai
793;Gorée
794;Astraea
795;Arada
796;Reverdito
797;Ryuta Naruse
798;In Magazine
799;Top Canyon
800;La grafica
801;Quodlibet
802;Altromondo editore
803;Carte scoperte
804;Colonnese
805;Eccentrico
806;Odos
807;Saturnia
808;Marco Bozzetta Editore
809;Egea
810;La Venta
811;Matonti editore
812;Malatempora
813;Ilisso
814;Ediesse
815;Verdechiaro
816;Raetia
817;Modern Publishing
818;:duepunt Edizionii
819;Lettera Ventidue
820;ETS edizioni
821;MUP
822;Alpine Studio
823;Ortensia
824;O barra O
825;Avalon Travel
826;Manni
827;BFS
828;Idea Montagna
829;Franco Cosimo Panini
830;E-Logo
831;Edizioni dell'Ambrosino
832;Bevivino
834;Editore 833. Modif. questo campo per immetterlo!
835;Vallardi viaggi
836;Tushita
837;Libri Scheiwiller
838;Mare verticale
839;Gambero rosso
840;Derive Approdi
841;Archetipolibri
842;ObarraO Edizioni
843;Edizioni dell'Asino
844;GBS-UBS
845;Input edizioni
846;Aereostella
847;Il Resto del Carlino
848;Poligrafici editoriale
849;Bagnoli Roberto
850;Athena
851;Pezzini
852;Costess New Media
853;L' Alpe Editrice
854;Salerno editrice
855;Casini
856;Rogiosi
857;edizioni 31
858;Fusta
859;Dallanebbiaallenuvole
860;Edizioni plus
861;Monte Universale Parma
862;Il Pirata
863;Acrosslive
864;Debatte
865;AIEA
866;Grafiche ancora
867;Oase
868;Shake Edizioni
869;Susalibri
870;Odoya
871;Azzurra outdoor
872;Edizioni Pugliesi
873;Edizioni Alphabeta Verlag
874;Salvietti e Baruffi
875;Junior
876;Infinito
877;Argo
878;La Linea
879;Ars Book
880;Clean edizioni
881;magenes
882;Fridericiana Editrice Napoli
883;La Serenissima
884;Dalai editore
885;Galaad
886;Società editrice Romana
887;Transeuropa
888;Verdone editore
889;Sironi
890;Ecoalfabeto
891;Lexis
892;L'arcobaleno
893;Color de Soli
894;Eurilink
895;Società editrice Il Ponte Vecchio
896;Pixar ( De Agostini )
897;Colla
898;La Caravella
899;Prima Pagina
900;Altre Onde
901;Socrates
902;La Biblioteca Junior
903;Rediscovering the Americas
904;Irradiazioni
905;Longo un mondo di specialità
906;Sassi
907;Chiarelettere
908;Beat
909;Curcio
910;LAC
911;GS
912;Metropoli d' Asia
913;Fenoglio editore
914;Camera chiara edizioni
915;Exorma
916;Gingko
917;Maglio
918;Sandro Teti editore
919;Graph sas
920;Mela edizioni
921;Marco Carnovale
922;add
923;vers
924;Celid
925;Sogno
926;My Life
927;Tresogni
928;NGV
929;Dall'Oglio
930;Vel
931;Infosasso
932;Edizioni enrico Spanu
933;Le Meraviglie
934;Outdor Editios
935;Outdoor Editions
936;Il Margine
937;LEV
938;edt
939;Adda
940;La Repubblica
941;Sometti
942;Controluce
943;Edifir
944;Maria Margherita Bulgarini
945;Fulìe
946;Fuorionda
947;San Paolo
948;Soletti editore
949;Drioli
950;LET
951;Sensoinverso
952;I Libri della Bussola
953;Reise
954;Caosfera
955;Cleup
956;IGA
957;Alpes
958;Ghibli
959;Documentaria
960;I portici di Bologna
961;Cines
962;Hermatena
963;Il Sentiero
964;Boreal Mapping
965;Neo
966;Bulgarini
967;Biglia Blu
968;Emons
969;Italica edizioni
970;Ad est dell' equatore
971;Barney
972;Cento autori
973;Giorgio Pozzi
974;Panini
975;Oltre Edizioni
976;Eleuthera
977;Vividolomiti
978;Pro Loco Pracchia
979;Settegiorni
980;Zanetti
981;Giubilei Regnani
982;Hans e Alice Zevi
983;Italic
984;Damol Graf
985;ADV
986;Marcos y Marcos
987;out
988;LT edizioni ( Giachetti )
989;Scala
990;Zephiro
991;SER
992;Armando Curcio Editore
993;Sirene
994;OGB
995;Malcor ( Negroni )
996;Dario De Bastiani Editore
997;New Press edizioni
998;Paolo Emilio Persiani
999;Edizioni dei cammini
1000;edizion
1001;Andrea Pacilli editore
1002;Edizioni Terra Santa
1003;
1004;Comunità montana
1005;Cai Cededolo
1006;Il Palindromo
1007;Res Gestae
1008;Peluso
1009;Pequod
1010;La nave di Teseo
1011;Ripostes
1012;il Cerchio
1013;Altreconomia
1014;Ibiskos
1015;Fazi
1016;l' Artistica editrice
1017;Castelvecchi
1018;Valtrend
1019;Abao Aqu
1020;Il Melangolo
1021;4 Land
1022;Cineteca Bologna
1023;Marlin
1024;DREAM
1025;Ricerche & Redazioni
1026;ComunicAzione
1027;Il Guyale
1028;Elliot  Lit
1029;Il Trebbo
1030;Fabbrica dei Segni
1031;Editore 1031. Modif. questo campo per immetterlo!
1032;Burian
1033;Geomedia
1034;Rupolo RPMM
1035;Federighi editore
1036;Grapho
1037;Rosenberg&Sellier
1038;Ombre Corte
1039;Darkside
1040;Ouverture Edizioni
1041;Imago
1042;Globalmap
1043;Archivio storia
1044;Ricca
1045;Meridiano zero
1046;CAI Castroviollari
1047;Il Geko
1048;Andrea Garreffa
1049;Atelier
1050;Youcanprint
1051;I libri di Emil
1052;Gabriele Capelli editore
1053;Orama
1054;Società Editrice Apuana
1055;Publistampa Edizioni
1056;Edizioni Cinque Terre
1057;A Sàm Màt editore
1058;Edizioni Medicea Firenze
1059;CAI RER
1060;Editoriale Programma
1061;Laurum
1062;Edizioni Dolomiti
1063;Compagnia delle Foreste
1064;Lit
1065;Lindau
1066;Solferino
1067;Moroni
1068;MonteRosa edizioni
1069;Hema
1070;Nuova Editrice Berti
1071;Uta Molin
1072;Aska
1073;80144 Edizioni
1074;Perrone
